epoch,loss,iou,val_loss,val_iou
0,0.472097846865654,0.04452818538961171,0.44175326557663397,1.1656203958848302e-10
